cluster_label,risk_score,risk_level,count
1,0.33912118246933837,Rendah,180
0,0.5630064927519854,Tinggi,322
