k,sse,silhouette
2,117.52649467865011,0.5453440323583458
3,87.88567734436373,0.45962678219446157
4,64.47697060347804,0.5047007516083479
5,60.047687785908586,0.2957373687380799
