cluster_label,risk_score,risk_level,count
3,0.004851914875630412,Rendah,52
2,0.2404189981299416,Sedang,185
1,0.3034057731786889,Tinggi,151
0,0.38156946625013005,Tinggi,114
