k,sse,silhouette
3,3.2061693645200204,0.2995140247398751
4,2.7483181751821273,0.3318175833743828
5,2.333835446328458,0.34147027805432784
