cluster_label,risk_score,risk_level,count
1,0.004522821814907283,Rendah,52
2,0.25833820787912537,Sedang,140
0,0.30115723824087137,Tinggi,310
