algorithm,mean_ari,std_ari,median_ari,trial_1,trial_2,trial_3,trial_4,trial_5
KMedoids,0.693363,0.016721,0.684832,0.712345,0.683822,0.672011,0.684832,0.713805
KMeans,0.503484,0.085642,0.539666,0.5535,0.558443,0.5326,0.539666,0.333209
