cluster_label,risk_score,risk_level,count
3,0.0017032857344437438,Rendah,52
0,0.2835612370508362,Sedang,86
2,0.3022088293515645,Sedang,174
1,0.34299111918253544,Tinggi,190
