k,sse,silhouette
3,87.15582834331347,0.32024479710170456
4,74.46723552894225,0.35975910848136905
5,67.11662674650704,0.3451812031966831
