cluster_label,risk_score,risk_level,count
0,-0.09590666198067266,Rendah,413
1,0.7794267701886903,Tinggi,89
