cluster_label,risk_score,risk_level,count
0,-1.0459236795784619,Rendah,33
1,-0.17413234154910961,Sedang,57
2,0.09026476851679613,Tinggi,369
3,1.0133837250674387,Sangat Tinggi,43
