k,sse,silhouette
2,190.44293338202246,0.7862345106291083
3,154.1731388069195,0.48819743062944293
4,127.3871690981203,0.4307818344891714
5,105.3233894169945,0.47472828223143915
