k,sse,silhouette
2,407.00668706783074,0.4955482026392428
3,359.41826176931323,0.41664804421887414
4,321.65928792709377,0.3994942337575907
5,295.6503224204314,0.3556881517950675
