k,sse,silhouette
2,416.18305429321526,0.4628903381203123
3,367.51259868363024,0.39571024728232473
4,329.2288065372431,0.3893386236976229
5,298.68301657515036,0.3865381598534541
