k,sse,silhouette
2,209.49702347660502,0.7589077806942451
3,168.7402273025711,0.3479966125687173
4,146.84466483701053,0.3928554759101784
5,133.3743510132035,0.4146647300929684
