cluster_label,risk_score,risk_level,count
3,0.0049903296046147246,Rendah,52
2,0.1731795622286452,Sedang,283
1,0.20714021623054021,Tinggi,80
0,0.2456287460251795,Tinggi,87
