cluster_label,risk_score,risk_level,count
0,-0.047715874819453406,Rendah,441
1,0.8768012403539032,Tinggi,61
