cluster_label,risk_score,risk_level,count
3,0.28641306397920496,Rendah,87
2,0.5293108182718546,Rendah,159
0,0.5935805134935094,Sedang,126
1,0.6231100708625457,Tinggi,130
