cluster_label,risk_score,risk_level,count
0,-0.07664413965041758,Rendah,429
1,0.8580803706685582,Tinggi,73
