k,sse,silhouette
3,3.337324553832152,0.29697804378864506
4,2.582954757333357,0.3252180276385557
5,2.121777336593924,0.3506669553541658
