cluster_label,risk_score,risk_level,count
1,0.007029765771825637,Rendah,53
3,0.2598026712284243,Sedang,237
2,0.29870814801593176,Sedang,104
0,0.3799217321237832,Tinggi,108
