k,sse,silhouette
3,3.6535741388052245,0.2870817691763979
4,3.0299728101372145,0.33646276410752574
5,2.4589690047091466,0.3435513896992773
