k,sse,silhouette
2,104.05120996999626,0.4447094570568576
3,77.08906214775394,0.5240785773304465
4,55.75732862231846,0.5436597862873087
5,36.647532367662066,0.5363304638152008
