k,sse,silhouette
2,344.0322743771904,0.5502191949209612
3,294.7473826126151,0.5028623197646991
4,253.44678776660894,0.3592350552452072
5,233.05969320941426,0.27801110423968123
