cluster_label,risk_score,risk_level,count
0,-1.0243109603703688,Rendah,34
1,0.009813683675063908,Sedang,380
2,0.7220403150258797,Tinggi,88
