k,sse,silhouette
3,90.09835029940119,0.2986805320163537
4,79.20441516966073,0.312900843397055
5,71.19000698602798,0.3311053807987882
