cluster_label,risk_score,risk_level,count
1,0.4469950571347103,Rendah,280
0,0.5661366389891969,Tinggi,189
