cluster_label,risk_score,risk_level,count
3,0.0049903296046147246,Rendah,52
1,0.1604144304716468,Sedang,199
2,0.20097846867204525,Tinggi,117
0,0.23517747623024934,Tinggi,134
