cluster_label,risk_score,risk_level,count
1,0.46522257244748877,Rendah,291
0,0.6137158388697138,Tinggi,211
