k,sse,silhouette
2,328.5339235471709,0.5502191949209612
3,280.24030535661944,0.47403240780398914
4,239.26121644985028,0.3700106453296417
5,219.5486478481033,0.27904820652724904
