cluster_label,risk_score,risk_level,count
0,-1.0459236795784619,Rendah,33
1,0.14276685776609463,Tinggi,469
