cluster_label,risk_score,risk_level,count
1,0.00632521236662306,Rendah,53
0,0.1934855126889741,Tinggi,449
