k,sse,silhouette
2,318.59120841263444,0.5613526174151049
3,270.297590222083,0.4785699988535311
4,229.31850131531405,0.3721077484780973
5,209.60593271356692,0.293635526811684
