k,sse,silhouette
3,87.15455988023957,0.28628615069153973
4,75.62570958083836,0.3257046341648563
5,67.62360878243521,0.3429522462914228
