cluster_label,risk_score,risk_level,count
1,0.17995952357216713,Rendah,183
0,0.3035382033806152,Tinggi,319
