cluster_label,risk_score,risk_level,count
3,0.004522821814907283,Rendah,52
2,0.172991775386991,Sedang,283
1,0.2067656663850653,Tinggi,80
0,0.24514786658791826,Tinggi,87
