cluster_label,risk_score,risk_level,count
1,0.0049903296046147246,Rendah,52
2,0.16847251886056464,Sedang,266
0,0.22900567552407736,Tinggi,184
