k,sse,silhouette
2,344.0322743771904,0.5502191949209612
3,297.7854709161482,0.3218662224277011
4,254.1251964291801,0.40566134498973455
5,233.05969320941426,0.27801110423968123
