k,sse,silhouette
3,3.023987106153988,0.35404520484916585
4,2.26730244793262,0.3975545295000325
5,1.9206238309545074,0.3808121906179628
