k,sse,silhouette
4,2.26730244793262,0.3975545295000325
