k,sse,silhouette
4,71.08277944111781,0.38423485815697106
