k,sse,silhouette
4,2.457792658819092,0.381259975071657
