k,sse,silhouette
4,74.46723552894225,0.35975910848136905
