cluster_label,risk_score,risk_level,count
0,-1.0459236795784619,Rendah,33
1,-0.03076003380321602,Sedang,321
2,0.5191326158319645,Tinggi,148
