cluster_label,risk_score,risk_level,count
0,-1.2498222480750474,Rendah,35
1,0.15739466773319544,Tinggi,467
