cluster_label,risk_score,risk_level,count
1,0.19827017223924032,Rendah,176
0,0.32923906712365225,Tinggi,326
