cluster_label,risk_score,risk_level,count
2,0.40131296308268083,Rendah,124
3,0.45225973315922,Rendah,80
0,0.5380074599169912,Sedang,183
1,0.5824327991082643,Tinggi,82
