cluster_label,risk_score,risk_level,count
0,-1.0459236795784619,Rendah,33
1,-0.17491505048093808,Sedang,56
2,0.16931839763285222,Tinggi,413
