algorithm,mean_ari,std_ari,median_ari,trial_1,trial_2,trial_3,trial_4,trial_5
KMedoids,0.706916,0.002969,0.707174,0.708534,0.706392,0.701758,0.710725,0.707174
KMeans,0.559957,0.12541,0.621576,0.624375,0.619979,0.621576,0.624695,0.309162
