k,sse,silhouette
3,89.642019294744,0.3100786168796096
4,80.26516633399866,0.3124174240908788
5,72.66747837658026,0.32297880970898446
