cluster_label,risk_score,risk_level,count
1,0.004522821814907283,Rendah,52
3,0.2589546949203861,Sedang,83
2,0.26370280560948456,Sedang,138
0,0.31284657687880685,Tinggi,229
