cluster_label,risk_score,risk_level,count
0,0.3748386458812937,Rendah,92
2,0.41518670407740615,Rendah,85
3,0.4770645975627573,Sedang,171
1,0.5527694599480616,Tinggi,102
