k,sse,silhouette
3,2.4091707117563916,0.2965077046234036
4,1.9202082754661587,0.336442982818284
5,1.7350414642235907,0.28815450570101486
