cluster_label,risk_score,risk_level,count
1,0.004522821814907283,Rendah,52
2,0.17088705183846617,Sedang,293
0,0.23411391050829283,Tinggi,157
