cluster_label,risk_score,risk_level,count
0,0.43154420812802813,Rendah,295
1,0.5189097739859614,Tinggi,155
