k,sse,silhouette
3,88.50872255489021,0.30353788051205893
4,78.60112774451099,0.32442724123940003
5,71.562754491018,0.30174637223658235
