k,sse,silhouette
3,95.34590818363286,0.274974198956827
4,84.90236526946116,0.2901208737954789
5,77.1350299401199,0.3041579070871095
