k,sse,silhouette
3,2.863289785399263,0.2733605654955989
4,2.366146032884334,0.3213283071197097
5,2.1357631670790185,0.2761218247910091
