k,sse,silhouette
3,2.900735499249564,0.316742611118952
4,2.30210087376192,0.32212902717790937
5,1.9526358788082254,0.3441151927727335
