cluster_label,risk_score,risk_level,count
1,0.005855858341677634,Rendah,53
0,0.19320849973438492,Tinggi,449
