k,sse,silhouette
3,48.128620122834626,0.4748971106243893
4,27.739750349211956,0.5341612182876309
5,23.185308887490805,0.40310775327965
