k,sse,silhouette
3,284.8046674780785,0.5065169331340125
4,243.50407263207262,0.3617727258641749
5,222.4707921629603,0.31438939073427324
