cluster_label,risk_score,risk_level,count
0,-1.0459236795784619,Rendah,33
1,-0.18254849952373975,Sedang,52
2,0.004118152737835584,Tinggi,282
3,0.5576952532997277,Sangat Tinggi,135
