cluster_label,risk_score,risk_level,count
0,0.12240104061539844,Rendah,89
1,0.28865550508179044,Sedang,174
2,0.39452713819223495,Tinggi,239
