cluster_label,risk_score,risk_level,count
0,0.16483940950736245,Rendah,480
1,1.2641435208451495,Tinggi,22
