cluster_label,risk_score,risk_level,count
0,-1.0459236795784619,Rendah,33
1,-0.17491505048093808,Sedang,56
2,0.18584237074874316,Tinggi,413
