cluster_label,risk_score,risk_level,count
0,0.048981616385213984,Rendah,415
1,0.9954793473823387,Tinggi,87
