algorithm,mean_ari,std_ari,median_ari,trial_1,trial_2,trial_3,trial_4,trial_5
KMedoids,0.978212,0.020042,0.994442,0.994499,0.957103,0.99452,0.950496,0.994442
KMeans,0.985799,0.017393,1.0,1.0,0.964478,0.964516,1.0,1.0
