k,sse,silhouette
3,55.467670689594094,0.444196829405843
4,32.416432272974596,0.500007581742699
5,28.019165071039463,0.3220147681267067
