cluster_label,risk_score,risk_level,count
0,0.03679016379902306,Rendah,401
1,0.9126853300863269,Tinggi,101
