algorithm,mean_ari,std_ari,median_ari,trial_1,trial_2,trial_3,trial_4,trial_5
KMedoids,0.901198,0.002795,0.900793,0.900937,0.906421,0.89968,0.898158,0.900793
KMeans,0.420633,0.007484,0.419396,0.41608,0.433306,0.411128,0.419396,0.423256
