k,sse,silhouette
3,85.6477411842982,0.31260915749126406
4,75.98946773120434,0.31580852489349637
5,68.55396872920825,0.3311975544365727
