cluster_label,risk_score,risk_level,count
1,0.007029765771825637,Rendah,53
0,0.29770696557719833,Tinggi,449
