cluster_label,risk_score,risk_level,count
0,-1.0459236795784619,Rendah,33
1,-0.18395682474473618,Sedang,49
2,-0.003162082493898044,Tinggi,272
3,0.5191326158319645,Sangat Tinggi,148
