k,sse,silhouette
3,82.92503992015978,0.3499016744831284
4,71.08277944111781,0.38423485815697106
5,63.718962075848374,0.3438597690276186
