k,sse,silhouette
3,3.364155597238664,0.32839493863605185
4,2.457792658819092,0.381259975071657
5,2.1092014355769546,0.3661265035312015
