algorithm,mean_ari,std_ari,median_ari,trial_1,trial_2,trial_3,trial_4,trial_5
KMedoids,0.885287,0.015546,0.896387,0.899231,0.869342,0.897987,0.896387,0.863487
KMeans,0.426829,0.007347,0.42295,0.42295,0.439071,0.418295,0.42291,0.430921
