cluster_label,risk_score,risk_level,count
0,0.17859423959802279,Rendah,485
1,1.1950510480638947,Tinggi,17
